Brand,Description,Cutting Width,Price,Price Range,ImageFile,Sale Description,On Sale
EGO,EGO 21 in. Self-Propelled Lawn Mower Set,21,629.99,$500.00 To $1000.00,ego1_LawnMower.jpg,Extra $30.00 off for Best Hardware Rewards members ends 04/13/20 (Limit 1),TRUE
EGO,EGO Self-Propelled Lawn Mower,21,529.99,$500.00 To $1000.00,ego2_LawnMower.jpg,Extra $30.00 off for Best Hardware Rewards members ends 04/13/20 (Limit 1),TRUE
EGO,EGO Manual-Push Lawn Mower,21,399.99,$250.00 To $500.00,ego3_LawnMower.jpg,No Sale Description,TRUE
Craftsman,Craftsman 163 cc Self-Propelled Lawn Mower,21,329.99,$250.00 To $500.00,craftsman1_LawnMower.jpg,Extra $20.00 off for Best Hardware Rewards members ends 04/28/20 ,TRUE
Craftsman,Craftsman Deluxe High-Wheel 163 cc Manual-Push Lawn Mower,21,279.99,$250.00 To $500.00,craftsman2_LawnMower.jpg,No Sale Description,FALSE
Craftsman,Craftsman High-Wheel 140 cc Manual-Push Lawn Mower,21,259.99,$250.00 To $500.00,craftsman3_LawnMower.jpg,Extra $10.00 off for Best Hardware Rewards members ends 04/28/20,TRUE
TORO,TORO 60 Volt Flex-Force SmartStow Recycler 22 in. Cordless Lawn Mower,22,499.99,$250.00 To $500.00,toro1_LawnMower.jpg,No Sale Description,TRUE
TORO,Toro personal Pace 22 163 cc Self-Propelled Lawn Mower,22,399.99,$250.00 To $500.00,toro2_LawnMower.jpg,No Sale Description,TRUE
TORO,Toro Honda Recycler 22 160 cc Self-Propelled Lawn Mower,22,349,$250.00 To $500.00,toro3_LawnMower.jpg,No Sale Description,TRUE
TORO,Toro Smart Stow 22 in. 163 cc Self-Propelled Lawn Mower,22,339,$250.00 To $500.00,toro4_LawnMower.jpg,No Sale Description,TRUE
TORO,Toro Recycler High Wheel 22 149 cc Self-Propelled Lawn Mower,22,309,$250.00 To $500.00,toro5_LawnMower.jpg,No Sale Description,TRUE
TORO,Toro Personal Pace TimeMaster 30 223 cc Self-Propelled Lawn Mower,30,1099.99,Over $1000.00,toro6_LawnMower.jpg,No Sale Description,FALSE
TORO,Toro Personal Pace 159 cc Self-Propelled Lawn Mower,22,459,$250.00 To $500.00,toro7_LawnMower.jpg,No Sale Description,FALSE
TORO,Toro personal Pace 22 163 cc Self-Propelled Lawn Mower,22,449,$250.00 To $500.00,toro8_LawnMower.jpg,No Sale Description,FALSE
TORO,Toro Smart Stow 22 in. 163 cc Self-Propelled Lawn Mower,22,399,$250.00 To $500.00,toro9_LawnMower.jpg,No Sale Description,FALSE
TORO,Toro personal Pace 22 163 cc Self-Propelled Lawn Mower,22,399,$250.00 To $500.00,toro10_LawnMower.jpg,No Sale Description,FALSE
TORO,Toro personal Pace 22 163 cc Self-Propelled Lawn Mower,22,369,$250.00 To $500.00,toro11_LawnMower.jpg,No Sale Description,FALSE
TORO,Toro Honda Recycler 21 160 cc Manual-Push Lawn Mower,21,329,$250.00 To $500.00,toro12_LawnMower.jpg,No Sale Description,FALSE
TORO,Toro Recycler Variable Speed 22 149 cc Self-Propelled Lawn Mower,22,299,$250.00 To $500.00,toro13_LawnMower.jpg,No Sale Description,FALSE
TORO,Toro 163 cc Manual-Push Lawn Mower,21,269,$250.00 To $500.00,toro14_LawnMower.jpg,No Sale Description,FALSE
DEWALT,DeWalt Manual-Push Lawn Mower,20,399.99,$250.00 To $500.00,dewalt1_LawnMower.jpg,No Sale Description,FALSE
DR Power,DR Power Premier 163 cc Manual-Push Trimmer Mower,0,429.99,$250.00 To $500.00,drpower1_TrimmerMower.jpg,No Sale Description,FALSE
Black And Decker,Black and Decker EdgeMax Manual-Push Lawn Mower,19,219.99,$100.00 To $250.00,blackanddecker1_LawnMower.jpg,No Sale Description,FALSE
Black And Decker,Black and Decker Corded Electric Lawn Mower,17,169.99,$100.00 To $250.00,blackanddecker1_LawnMower.jpg,No Sale Description,FALSE
Troy-Built,Troy-Built 140 cc Self-Propelled Lawn Mower,16,289.99,$250.00 To $500.00,troybuilt1_LawnMower.jpg,No Sale Description,FALSE
YardMachines,YardMachines 140 cc Manual-Push Lawn Mower,14,209.99,$100.00 To $250.00,yardmachines1_LawnMower.jpg,No Sale Description,FALSE
YardMachines,YardMachines 125 cc Manual-Push Lawn Mower,16,179.99,$100.00 To $250.00,yardmachines2_LawnMower.jpg,No Sale Description,FALSE
STIHL,STIHL 19 in. Cordless Mulching Lawn Mower Set,19,419.95,$250.00 To $500.00,stihl1_LawnMower.jpg,No Sale Description,FALSE
Scotts,Scotts Ultra Cut Manual-Push Lawn Mower,18,179.99,$100.00 To $250.00,scotts1_LawnMower.jpg,No Sale Description,FALSE
Scotts,Scotts Classic Push-Reel Lawn Mower,20,149.99,$100.00 To $250.00,scotts2_LawnMower.jpg,No Sale Description,FALSE
Scotts,Scotts Push-Reel Lawn Mower,18,129.99,$100.00 To $250.00,scotts3_LawnMower.jpg,No Sale Description,FALSE
Scotts,Scotts Push-Reel Lawn Mower,14,99.99,$50.00 To $100.00,scotts4_LawnMower.jpg,No Sale Description,FALSE
American Lawn Mower,American Lawn Mower Manual-Push Lawn Mower,16,109.99,$100.00 To $250.00,american1_LawnMower.jpg,No Sale Description,FALSE
American Lawn Mower,American Lawn Mower Manual-Push Lawn Mower,14,89.99,$50.00 To $100.00,american2_LawnMower.jpg,No Sale Description,FALSE
